{"cameraMode":{"drawMode":0,"name":"Shaded","section":"Shading Mode"},"sceneLighting":false,"audioPlay":false,"sceneViewState":{"showFog":true,"showMaterialUpdate":false,"showSkybox":false,"showFlares":true,"showImageEffects":true,"showParticleSystems":true},"in2DMode":false,"pivot":{"x":-0.0700000524520874,"y":-0.13999998569488526,"z":3.0199999809265138},"rotation":{"x":-0.16369503736495973,"y":0.5455363988876343,"z":-0.10962603986263275,"w":-0.8146017789840698},"size":5.733945369720459,"orthographic":false}